USE BUDT702_Project_0501_06;

-- SQL insert tables:

-- School table
INSERT INTO [InsightHarbor.School] VALUES
	('BS01', 'Robert H. Smith School of Business', 'Van Munching Hall', 'Prabhudeva Konana', '1921');


-- Program table

-- MS in Marketing Analytics
INSERT INTO [InsightHarbor.Program] 
VALUES ('BSMSMA02', 'MS in Marketing Analytics', 'Full-time', 'Fall 2023', 'Judy Frels', 18, 1631.00, 2072.50, 96, 'BS01'),
       ('BSMSMA01', 'MS in Marketing Analytics', 'Full-time', 'Fall 2022', 'Judy Frels', 18, 1630.64, 2072.30, 96, 'BS01'),
       ('BSMSMA03', 'MS in Marketing Analytics', 'Full-time', 'Fall 2021', 'Judy Frels', 18, 1582.00, 2015.00, 96, 'BS01'),
       ('BSMSMA04', 'MS in Marketing Analytics', 'Online', 'Fall 2023', 'Judy Frels', 18, 1631.00, 2072.50, 96, 'BS01'),
       ('BSMSMA05', 'MS in Marketing Analytics', 'Online', 'Fall 2022', 'Judy Frels', 18, 1630.64, 2072.30, 96, 'BS01');

-- MS in Business Analytics
INSERT INTO [InsightHarbor.Program] 
VALUES ('BSMSBA02', 'MS in Business Analytics', 'Full-time', 'Fall 2023', 'Suresh Acharya', 16, 1631.00, 2072.50, 96, 'BS01'),
       ('BSMSBA01', 'MS in Business Analytics', 'Full-time', 'Fall 2022', 'Suresh Acharya', 16, 1630.64, 2072.30, 96, 'BS01'),
       ('BSMSBA03', 'MS in Business Analytics', 'Full-time', 'Fall 2021', 'Suresh Acharya', 16, 1582.00, 2015.00, 96, 'BS01'),
       ('BSMSBA04', 'MS in Business Analytics', 'Online', 'Fall 2023', 'Suresh Acharya', 16, 1631.00, 2072.50, 96, 'BS01');

-- MS in Information Systems
INSERT INTO [InsightHarbor.Program] 
VALUES ('BSMSIS02', 'MS in Information Systems', 'Full-time', 'Fall 2023', 'Tejwansh Singh Anand', 16, 1631.00, 2072.50, 96, 'BS01'),
       ('BSMSIS01', 'MS in Information Systems', 'Full-time', 'Fall 2022', 'Tejwansh Singh Anand', 16, 1630.64, 2072.30, 96, 'BS01');

-- MS in Finance and MS in Quantitative Finance
INSERT INTO [InsightHarbor.Program] 
VALUES ('BSMSQF02', 'MS in Finance and MS in Quantitative Finance', 'Full-time', 'Fall 2023', 'Micheal Cichello', 24, 1631.00, 2072.50, 96, 'BS01'),
       ('BSMSQF01', 'MS in Finance and MS in Quantitative Finance', 'Full-time', 'Fall 2022', 'Micheal Cichello', 24, 1630.64, 2072.30, 96, 'BS01'),
       ('BSMSQF03', 'MS in Finance and MS in Quantitative Finance', 'Full-time', 'Fall 2021', 'Micheal Cichello', 24, 1582.00, 2015.00, 96, 'BS01'),
       ('BSMSQF05', 'MS in Finance and MS in Quantitative Finance', 'Online', 'Fall 2022', 'Micheal Cichello', 24, 1630.64, 2072.30, 96, 'BS01'),
	   ('BSMSQF04',	'MS in Finance and MS in Quantitative Finance',	'Full-time', 'Fall 2017', 'Liu Yang', 24, NULL,	NULL, 96, 'BS01');

-- MS in Supply Chain Management
INSERT INTO [InsightHarbor.Program] 
VALUES ('BSMSSC02', 'MS in Supply Chain Management', 'Full-time', 'Fall 2023', 'Thomas M. Corsi', 16, 1631.00, 2072.50, 96, 'BS01'),
       ('BSMSSC01', 'MS in Supply Chain Management', 'Full-time', 'Fall 2022', 'Thomas M. Corsi', 16, 1630.64, 2072.30, 96, 'BS01'),
       ('BSMSSC03', 'MS in Supply Chain Management', 'Full-time', 'Fall 2021', 'Thomas M. Corsi', 16, 1582.00, 2015.00, 96, 'BS01');

-- MS in Accounting Tracks
INSERT INTO [InsightHarbor.Program] 
VALUES ('BSMSA001', 'MS in Accounting- Audit Analytics Track', 'Full-time', 'Fall 2023', 'Emanuel Zur', 16, 1631.00, 2072.50, 96, 'BS01'),
       ('BSMSA002', 'MS in Accounting - Taxation Analytics', 'Full-time', 'Fall 2023', 'Emanuel Zur', 16, 1631.00, 2072.50, 96, 'BS01'),
       ('BSMSA003', 'MS in Accounting - Public Accounting Track', 'Full-time', 'Fall 2023', 'Emanuel Zur', 16, 1631.00, 2072.50, 96, 'BS01'),
       ('BSMSA004', 'MS in Accounting- Audit Analytics Track', 'Full-time', 'Fall 2022', 'Emanuel Zur', 16, 1630.64, 2072.30, 96, 'BS01'),
       ('BSMSA005', 'MS in Accounting - Taxation Analytics', 'Full-time', 'Fall 2022', 'Emanuel Zur', 16, 1630.64, 2072.30, 96, 'BS01'),
       ('BSMSA006', 'MS in Accounting - Public Accounting Track', 'Full-time', 'Fall 2022', 'Emanuel Zur', 16, 1630.64, 2072.30, 96, 'BS01');

-- MBA Programs
INSERT INTO [InsightHarbor.Program] 
VALUES ('BSMBA001', 'MBA', 'Full-time', 'Fall 2023', 'Danielle Wang', 24, 1759.50, 2157.00, 96, 'BS01'),
       ('BSMBA004', 'MBA', 'Full-time', 'Fall 2021', 'Danielle Wang', 24, 1708.00, 2098.00, 96, 'BS01'),
       ('BSMBA003', 'MBA', 'Full-time', 'Fall 2022', 'Danielle Wang', 24, 1759.16, 2156.96, 96, 'BS01'),
       ('BSMBA005', 'MBA', 'Part-time', 'Fall 2022', 'Anais Escobar', 24, 1759.16, 2156.96, 96, 'BS01'),
       ('BSMBA002', 'MBA', 'Part-time', 'Fall 2023', 'Anais Escobar', 24, 1733.00, 1733.00, 96, 'BS01'),
       ('BSMBA006', 'MBA', 'Online', 'Fall 2023', 'Anais Escobar', 24, 1733.00, 1733.00, 96, 'BS01'),
       ('BSMBA007', 'MBA', 'Online', 'Fall 2021', 'Anais Escobar', 24, 1708.00, 2098.00, 96, 'BS01'),
       ('BSMBA008', 'Global MBA', 'Full-time', 'Fall 2022', 'Danielle Wang', 24, 1759.16, 2156.96, 96, 'BS01'),
       ('BSMBA009', 'Global MBA', 'Full-time', 'Fall 2023', 'Danielle Wang', 24, 1733.00, 1733.00, 96, 'BS01'),
	   ('BSMBA012',	'e-MBA', 'Online', 'Fall 2023',	'Anais Escobar', 24, 1733.00, 1733.00, 96,	'BS01'),
       ('BSMBA011', 'MBA General Management', 'Online', 'Fall 2023', 'Anais Escobar', 24, 1759.50, 2157.00, 96, 'BS01'),
       ('BSMBA010', 'MBA Business Analytics', 'Online', 'Fall 2023', 'Anais Escobar', 24, 1759.50, 2157.00, 96, 'BS01');
	   

-- Faculty table
INSERT INTO [InsightHarbor.Faculty] VALUES
	('F24657905', 'Judy', 'Frels', 27, 'PhD in Marketing Strategy from University of Texas at Austin', '3014058712', 'jfrels@umd.edu'),
	('F24657906', 'Jason', 'Choi', NULL, 'PhD from Columbia University', '3014057229', 'wjchoi@umd.edu'),
	('F24657907', 'Michel', 'Wedel', 42, 'PhD in Marketing from University of Wageningen', '3014052162', 'mwedel@umd.edu'),
	('F24657908', 'Christine', 'Schaaf', 33, 'MS in Marketing from Johns Hopkins University', '3014058583', 'cmschaaf@umd.edu'),
	('F24657909', 'Liye', 'Ma', 18, 'PhD in Industrial Administration from Carnegie Mellon University', '3014058982', 'liyema@umd.edu'),
	('F24657910', 'Bruno', 'Jacobs', 16, 'PhD from Erasmus University Rotterdam', '3014059665', 'jacobs88@umd.edu'),
	('F24657911', 'Rosellina', 'Ferraro', 18, 'PhD in Marketing from Duke University', NULL, 'rferrar2@umd.edu'),
	('F24657912', 'Wendy', 'Moe', 26, 'PhD in Marketing from University of Pennsylvania', '3014059187', 'wmoe@umd.edu'),
	('F24657913', 'Bo', 'Zhou', 9, 'PhD in Marketing from Duke University', '3014058795', 'bozhou@umd.edu'),
	('F24657914', 'Michael', 'Trusov', 16, 'PhD in Marketing from University of California Los Angeles', '3014055878', 'mtrusov@umd.edu'),
	('F24657917', 'Woei-jyh', 'Lee', 32, 'PhD in Bioinformatics from University of Maryland', '3014054087', 'adamlee@umd.edu'),
	('F24657918', 'Alexander', 'Estes', 5, 'PhD in Applied Mathematics & Statistics and Scientific Computing from University of Maryland', NULL, NULL),
	('F24657919', 'Sujin', 'Kim', 8, 'PhD in Operations Research from Cornell University', '3014052934', 'kimsj22@umd.edu'),
	('F24657920', 'Peng', 'Huang', 16, 'PhD in Information Technology Management from Georgia Institute of Technology', '3014053428', 'huang@umd.edu'),
	('F24657921', 'Eaman', 'Jahani', 14, 'PhD in Social and Engineering Systems from Massachusetts Institute of Technology', NULL, NULL),
	('F24657922', 'Xiaojia', 'Guo', 3, 'PhD in Management Science and Operations from University College London', '3014057628', 'xjguo@umd.edu'),
	('F24657923', 'Zhi-Long', 'Chen', 26, 'PhD in Operations Research from Princeton University', '3014050024', 'zlchen@umd.edu'),
	('F24657924', 'Yi', 'Xu', 20, 'PhD in Operations Management from University of Pennsylvania', '3014059676', 'yxu1@umd.edu'),
	('F24657925', 'Melanie De', 'Grano', NULL, NULL, NULL, NULL),
	('F24657926', 'Suresh', 'Acharya', 28, 'Masters in Mathematical Sciences from Clemson University, Masters in Operations Research from the University of North Carolina.', '3014059678', 'suresh12@umd.edu'),
	('F24657927', 'Cary', 'Gillett', NULL, NULL, NULL, NULL),
	('F24657928', 'Bharti', 'Motwani', 25, 'MBA in Information Systems from Devi Ahilya Vishwavidyalaya', NULL, 'bmotwani@umd.edu'),
	('F24657931', 'Siva', 'Viswanathan', 22, 'PhD in Information Systems from New York University', '3014058587', 'sviswan1@umd.edu'),
	('F24657932', 'Tejwansh', 'Anand', 46, 'EdD in Organizational Learning and Leadership from Columbia University', NULL, 'tejanand@umd.edu'),
	('F24657935', 'Paul', 'Shapiro', 15, 'PhD in Systems Engineering from George Washington University', '3014059677', 'pshapiro@umd.edu'),
	('F24657936', 'John', 'Bono', 27, 'PhD in Information Systems from Nova Southeastern University', NULL, 'jbono@umd.edu'),
	('F24657937', 'Jessica', 'Clark', 13, 'PhD in Information Systems from New York University', '3014054865', 'jmclark@umd.edu'),
	('F24657942', 'Michael', 'Faulkender', 21, 'PhD in Finance from Northwestern University', '3014051064', 'mfaulken@umd.edu'),
	('F24657943', 'Serhiy', 'Kozak', 16, 'PhD in Financial Economics from University of Chicago', '3014050703', 'skozak@rhsmith.umd.edu'),
	('F24657944', 'Sarah', 'Kroncke', 26, 'MBA in Finance from University of Maryland', '3014050354', 'skroncke@rhsmith.umd.edu'),
	('F24657945', 'Maria', 'Bustamante', 19, 'PhD in Finance from University of Lausanne', '3014057934', 'mcbustam@umd.edu'),
	('F24657946', 'Steven', 'Heston', 34, 'PhD in Finance from Carnegie Mellon University', '3014059686', 'sheston@rhsmith.umd.edu'),
	('F24657947', 'Pablo', 'Slutzky', 21, 'PhD in Finance from Columbia University', '3014054856', 'pslutzky@rhsmith.umd.edu'),
	('F24657948', 'Richmond', 'Mathews', 23, 'PhD in Finance from University of Rochester', '3014054113', 'rmathews@umd.edu'),
	('F24657949', 'Vojislav', 'Maksimovic', 34, 'PhD in Business Economics from Harvard University', '3014052125', 'vmaksimovic@rhsmith.umd.edu'),
	('F24657950', 'Albert', 'Kyle', 43, 'PhD in Economics from University of Chicago', '3014059684', 'akyle@rhsmith.umd.edu'),
	('F24657951', 'Haluk', 'Unal', 35, 'PhD in Finance from Ohio State University, PhD in Economics from Istanbul University', '3014052256', 'unal@umd.edu'),
	('F24657952', 'Mark', 'Loewenstein', NULL, 'PhD from Columbia University', '3014052063', 'mloewens@rhsmith.umd.edu'),
	('F24657953', 'Russell', 'Wermers', 41, 'PhD in Finance from University of California Los Angeles', '3014050572', 'wermers@umd.edu'),
	('F24657954', 'Apoorva', 'Javadekar', 7, 'PhD in Economics from Boston University', NULL, NULL),
	('F24657955', 'Seokwoo', 'Lee', 9, 'PhD in Finance from University of Michigan', NULL, 'swlee7@rhsmith.umd.edu'),
	('F24657956', 'Thomas', 'Ernst', 4, 'PhD in Finance from Massachusetts Institute of Technology', '3014058700', 'ternst@umd.edu'),
	('F24657961', 'Humberto', 'Coronado', 25, 'MBA from University of Maryland', '3014055256', 'hcoronad@umd.edu'),
	('F24657962', 'Ashish', 'Kabra', 11, 'PhD in Technology and Operations Management from INSEAD', '3014058855', 'akabra@umd.edu'),
	('F24657963', 'Maria', 'Bardossy', 12, 'PhD in Management Science from University of Maryland', '3014059713', 'bardossy@umd.edu'),
	('F24657964', 'Philip', 'Evers', 30, 'PhD in logistics management from the University of Minnesota', '3014057164', 'pevers@umd.edu'),
	('F24657965', 'Hongyi', 'Zhang', 23, 'MS in Information System & Software EngineeringMaster of Science from George Mason University', '3014052850', 'hzhang3@umd.edu'),
	('F24657966', 'Jon', 'Crocker', 3, 'PhD in Liberal Arts and Sciences/Liberal Studies from Georgetown University', '3014052205', 'jcrocker@umd.edu'),
	('F24657967', 'Anand', 'Anandalingam', 40, 'PhD in Operations Research with Economics from Harvard University', '3014052302', 'ganand@umd.edu'),
	('F24657969', 'Jewelyn', 'Harrington', 23, 'Masters of Science in Engineering Management from University of Michigan', NULL, 'jharrington@rhsmith.umd.edu'),
	('F24657970', 'Martin', 'Dresner', 43, 'PhD from University of British Columbia', '3014052204', 'mdresner@umd.edu'),
	('F24657976', 'Samuel', 'Handwerger', 44, 'MS in Taxation from University of Baltimore', '3014052216', 'shandwer@umd.edu'),
	('F24657977', 'Tunay', 'Tunca', 23, 'PhD in Business Administration from Stanford University', '3014050628', 'ttunca@umd.edu'),
	('F24657999', 'Darlene', 'Dennison', 42, 'MBA in Finance from San Diego State University', NULL, 'ddenniso@umd.edu'),
	('F24657980', 'Lei', 'Zhou', 18, 'PhD in Accounting and Information Assurance from University of Maryland', '3014054333', 'lzhou@umd.edu'),
	('F24657981', 'Brent', 'Solomon', 37, 'MS in Finance from Johns Hopkins University', NULL, 'brents@umd.edu'),
	('F24657982', 'Jeffrey', 'Milton', 45, 'MS in Taxation from Georgetown University', '3014052207', 'jmilton@umd.edu'),
	('F24657984', 'Elizabeth', 'Folsom', 33, 'MBA in Management from Georgia State University', NULL, 'efolsom@umd.edu'),
	('F24658010', 'James', 'McKinney', 17, 'PhD in Accounting from University of Maryland', '3014052217', 'jmckinne@umd.edu'),
	('F24657998', 'Nick', 'Seybert', 15, 'PhD in Management from Cornell University', '3014050962', 'nseybert@umd.edu'),
	('F24657985', 'Stacey', 'Ferris', NULL, 'MS in Accountancy in Forensic Accounting from Georgia Southern University', '7034731964', 'sferris4@umd.edu'),
	('F24657990', 'Brian', 'Jefferson', 22, 'MS in Taxation from University of Baltimore', NULL, NULL),
	('F24657997', 'Darian', 'Harnish', 11, 'MS in Accounting - Taxation from James Madison University', NULL, 'dharnish@umd.edu'),
	('F24658009', 'Sean', 'Cao', 14, 'PhD from University of Illinois at Urbana-Champaign', NULL, 'scao824@umd.edu'),
	('F24658013', 'David', 'Hilton', 22, 'Graduate Diploma in Law from BPP University', NULL, 'dhilton@umd.edu'),
	('F24658022', 'Nicole', 'Coomber', 20, 'PhD in Education Policy Studies from University of Maryland', '3014053908', 'ncottre@umd.edu'),
	('F24658024', 'Rachelle', 'Sampson', 26, 'PhD in Intl. Business/Business Economics from University of Michigan', '3014057658', 'sampsonr@umd.edu'),
	('F24658029', 'Paulo', 'Prochno', 19, 'PhD in management from INSEAD', '3014059493', 'pprochno@umd.edu'),
	('F24658031', 'Kislaya', 'Prasad', 33, 'PhD in Economics from Syracuse University', '3014056359', 'kprasad@umd.edu'),
	('F24658033', 'Il-Horn', 'Hann', 29, 'PhD in Information Systems from University of Pennsylvania', '3014058592', 'ihann@umd.edu'),
	('F24658034', 'Wilbur', 'Chung', 29, 'PhD in International Business/ Corporate Strategy from University of Michigan', '3014058967', 'wchung@umd.edu'),
	('F24658037', 'Mary Beth', 'Furst', 35, 'EdD in Entrepreneurial Leadership in Education from Johns Hopkins University', '3014059613', 'mbfurst@umd.edu'),
	('F24658039', 'Subrahmaniam', 'Tangirala', 23, 'PhD in organizational behavior and human resources from Purdue University', '3014055647', 'stangira@umd.edu'),
	('F24658043', 'Musa', 'Subasi', 11, 'PhD in Accounting from University of Texas at Dallas', '3013141055', 'msubasi@umd.edu'),
	('F24658046', 'Geoffrey', 'Tate', 20, 'PhD in economics from Harvard University', '3014054853', 'gtate@rhsmith.umd.edu'),
	('F24658047', 'Lu', 'Zhang', NULL, NULL, NULL, NULL),
	('F24658050', 'Cristian', 'Dezso', 27, 'PhD in Economics and International Business from New York University', '3014057832', 'cdezso@umd.edu'),
	('F24658011', 'Stephen', 'Brown', NULL, NULL, NULL, NULL),
	('F24658092', 'David', 'Loshin', 34, 'PhD in Information Science from University of Maryland', '3014051246', 'dloshin@umd.edu');

-- Alumni table
INSERT INTO [InsightHarbor.Alumni] VALUES
	(1, 'Pritesh', 'Jain', 'BI Data Visualization Analyst', 'Vanguard Supply Chain Solutions', 2023, 'BSMSSC02'),
	(2, 'Sirish', 'Vattam', 'Founder & CEO', 'Vanguard Supply Chain Solutions', 2010, NULL),
	(3, 'Tanmaya', 'Kompella', 'Budget Analyst', 'Massachusetts Bay Transportation Authority', 2022, 'BSMSBA01'),
	(4, 'Surbhi', 'Hooda', 'Financial Analyst', 'Morgan Stanley', 2022, 'BSMSIS01'),
	(5, 'Nguyet', 'Chu', 'Financial Analyst', 'Kaiser Permanente', 2022, 'BSMBA003'),
	(6, 'Sushil', 'Kogta', 'BI Analyst', 'NBCUniversal', 2020, NULL),
	(7, 'Sowmya', 'Murukuti', 'Manager 2 - Sourcing Solutions', 'Walmart', 2022, 'BSMSBA01'),
	(8, 'Varun', 'Goenka', 'Data Analyst', 'TruStage', 2020, NULL),
	(9, 'Shashank', 'LR', 'BI Analyst', 'Blend360', 2022, 'BSMSIS01'),
	(10, 'Mehul', 'Gupta', 'Data Scientist', 'TuneIn', 2022, 'BSMSIS01'),
	(11, 'Yang', 'Xie', 'Business solutions associate', 'Houghton Mifflin Harcourt', 2022, 'BSMSBA01'),
	(12, 'Shruthi', 'Nair', 'Digital Analyst', 'Link Right Media', 2020, NULL),
	(13, 'Kavya', 'Kumaran', 'Tax Consultant', 'Deloitte', 2021, NULL),
	(14, 'Vatsal', 'Sanghvi', 'Data Scientist', 'Leidos', 2020, NULL),
	(15, 'Ameya', 'Kulkarni', 'BI Engineer', 'Amazon', 2019, NULL),
	(16, 'Sanjit', 'Mahajan', 'BI Analyst', 'Forbes', 2022, 'BSMSIS01'),
	(17, 'Jigar', 'Bhide', 'BI Analyst', 'Blend360', 2018, NULL),
	(18, 'Khushboo', 'Khandelwal', 'Research Analyst', 'International Monetary Fund', 2022, 'BSMSQF01'),
	(19, 'Navendu', 'Tripathi', 'Research Analyst', 'International Monetary Fund', 2020, NULL),
	(20, 'Upasana', 'Mohapatra', 'Digital Strategy Manager', 'Marriner Marketing', 2022, 'BSMSMA01'),
	(21, 'Nigam', 'Shah', 'Data Scientist', 'Navy Credit Federal Union', 2022, 'BSMSBA01'),
	(22, 'Tennie', 'Chang', 'Marketing Analyst', 'Wunderman Thompson', 2022, 'BSMSBA01'),
	(23, 'Vivienne', 'Ke', 'Marketing Analyst', 'PLAN International', 2022, 'BSMSBA01'),
	(24, 'Hitika', 'Hirani', 'Marketing Analyst', 'Coolibar', 2022, 'BSMSBA01'),
	(25, 'Jannatul', 'Nabila', 'Tax Consultant', 'Deloitte', 2022, 'BSMSA005'),
	(26, 'Yuan', 'Ding', 'Tax Consultant', 'Deloitte', 2021, NULL),
	(27, 'Jingyi', 'Zheng', 'Tax Consultant', 'Deloitte', 2022, 'BSMSA005'),
	(28, 'Suhani', 'Mishra', 'Data Engineer', 'Databricks', 2022, 'BSMSBA01'),
	(29, 'Drishti', 'Jain', 'Data Scientist', 'Vanguard', 2022, 'BSMSIS01'),
	(30, 'Antara', 'Kumar', 'Business Analyst', 'Barclays', 2022, 'BSMSBA01'),
	(31, 'Shivani', 'Pandey', 'Pathways Consultant', 'FDA', 2023, 'BSMBA001'),
	(32, 'Haley', 'Vasquez', 'Program Manager', 'JPMorgan Chase & Co', 2023, 'BSMBA001'),
	(33, 'Kristina', 'Erwin', 'Brand Manager', 'Reckitt', 2022, 'BSMBA003'),
	(34, 'Wei', 'Chen', 'DSG Tax Staff', 'Ernst & Young (EY)', 2023, 'BSMSQF02'),
	(35, 'Yue', 'Li', 'Process Engineer', 'Ascend Elements', 2023, 'BSMBA001'),
	(36, 'Aaron', 'Hovey', 'Supply Chain and Operations Consultant', 'Ernst & Young (EY)', 2022, 'BSMBA003'),
	(37, 'Dara', 'Vaziri', 'Asset management associate', 'FCP', 2019, NULL),
	(38, 'Shubham', 'Arora', 'Technology Consultant', 'Ernst & Young (EY)', 2022, 'BSMSIS01'),
	(39, 'Kanglong', 'Li', 'Quantitative Analytics Lead', 'Freddie Mac', 2023, 'BSMSQF02');

-- Course table
INSERT INTO [InsightHarbor.Course] VALUES
	('C001', 'BUMK720', 'Marketing Strategy (aka Market-Based Management)', 'Fall', 2023, 3, 'BSMSMA02', 'F24657905'),
	('C002', 'BUMK726', 'Statistical Programming for Customer Analytics', 'Fall', 2023, 3, 'BSMSMA02', 'F24657906'),
	('C003', 'BUMK742', 'Advanced Marketing Analytics', 'Fall', 2023, 3, 'BSMSMA02', 'F24657907'),
	('C004', 'BUMK758G', 'Business Communications', 'Fall', 2023, 2, 'BSMSMA02', 'F24657908'),
	('C005', 'BUMK746', 'Data Science for Customer Analytics', 'Spring', 2024, 3, 'BSMSMA02', 'F24657909'),
	('C006', 'BUMK744', 'Marketing Research and Analysis', 'Spring', 2024, 3, 'BSMSMA02', 'F24657910'),
	('C007', 'BUMK776', 'Action Learning Project', 'Spring', 2024, 2, 'BSMSMA02', 'F24657909'),
	('C008', 'BUMK747', 'CRM Analytics', 'Spring', 2024, 2, 'BSMSMA02', 'F24657909'),
	('C009', 'BUMK724', 'Customer Analysis', 'Fall', 2024, 3, 'BSMSMA02', 'F24657911'),
	('C010', 'BUMK760', 'Business Policies and Ethics', 'Fall', 2024, 2, 'BSMSMA02', 'F24657912'),
	('C011', 'BUMK773', 'Pricing Analytics and Strategies', 'Fall', 2024, 2, 'BSMSMA02', 'F24657913'),
	('C012', 'BUMK766', 'Digital Analytics', 'Fall', 2024, 2, 'BSMSMA02', 'F24657914'),
	('C013', 'BUMK720', 'Marketing Strategy (aka Market-Based Management)', 'Fall', 2022, 3, 'BSMSMA01', 'F24657905'),
	('C014', 'BUMK726', 'Statistical Programming for Customer Analytics', 'Fall', 2022, 3, 'BSMSMA01', 'F24657906'),
	('C015', 'BUMK762', 'Business Communication I', 'Fall', 2022, 1, 'BSMSMA01', NULL),
	('C016', 'BUMK742', 'Advanced Marketing Analytics', 'Fall', 2022, 3, 'BSMSMA01', 'F24657907'),
	('C017', 'BUMK746', 'Data Science for Customer Analytics', 'Spring', 2023, 3, 'BSMSMA01', 'F24657909'),
	('C018', 'BUMK744', 'Marketing Research and Analysis', 'Spring', 2023, 3, 'BSMSMA01', 'F24657910'),
	('C019', 'BUMK776', 'Action Learning Project', 'Spring', 2023, 2, 'BSMSMA01', 'F24657909'),
	('C020', 'BUMK764', 'Business Communications II', 'Spring', 2023, 1, 'BSMSMA01', NULL),
	('C021', 'BUMK747', 'CRM Analytics', 'Spring', 2023, 2, 'BSMSMA01', 'F24657909'),
	('C022', 'BUMK724', 'Customer Analysis', 'Fall', 2023, 3, 'BSMSMA01', 'F24657911'),
	('C023', 'BUMK760', 'Business Policies and Ethics', 'Fall', 2023, 2, 'BSMSMA01', 'F24657912'),
	('C024', 'BUMK773', 'Pricing Analytics and Strategies', 'Fall', 2023, 2, 'BSMSMA01', 'F24657913'),
	('C025', 'BUMK766', 'Digital Analytics', 'Fall', 2023, 2, 'BSMSMA01', 'F24657914'),
	('C026', 'BUDT703', 'Database Management Systems', 'Fall', 2023, 3, 'BSMSBA02', 'F24657917'),
	('C027', 'BUDT732', 'Decision Analytics', 'Fall', 2023, 3, 'BSMSBA02', 'F24657918'),
	('C028', 'BUDT730', 'Data, Models, and Decisions', 'Fall', 2023, 3, 'BSMSBA02', 'F24657919'),
	('C029', 'BUDT704', 'Data Processing and Analysis in Python', 'Fall', 2023, 3, 'BSMSBA02', 'F24657920'),
	('C030', 'BUDT758T', 'Data Mining and Predictive Analytics', 'Spring', 2024, 3, 'BSMSBA02', 'F24657921'),
	('C031', 'BUDT758D', 'Data Visualization & Web Analytics', 'Spring', 2024, 3, 'BSMSBA02', 'F24657922'),
	('C032', 'BUDT758J', 'Management of Information Systems', 'Spring', 2024, 3, 'BSMSBA02', 'F24657917'),
	('C033', 'BUDT758V', 'Operations Analytics', 'Spring', 2024, 2, 'BSMSBA02', 'F24657923'),
	('C034', 'BUDT758Z', 'Computer Simulation for Business Applications', 'Spring', 2024, 2, 'BSMSBA02', 'F24657925'),
	('C035', 'BUDT758L', 'Price Optimization and Revenue Management', 'Fall', 2024, 3, 'BSMSBA02', 'F24657924'),
	('C036', 'BUDT758W', 'Capstone Project', 'Fall', 2024, 3, 'BSMSBA02', 'F24657926'),
	('C037', 'BUDT700', 'Business Communication', 'Fall', 2024, 1, 'BSMSBA02', 'F24657927'),
	('C038', 'BUDT703', 'Database Management Systems', 'Fall', 2022, 3, 'BSMSBA01', 'F24657917'),
	('C039', 'BUDT732', 'Decision Analytics', 'Fall', 2022, 3, 'BSMSBA01', 'F24657918'),
	('C040', 'BUDT730', 'Data, Models, and Decisions', 'Fall', 2022, 3, 'BSMSBA01', 'F24657919'),
	('C041', 'BUDT704', 'Data Processing and Analysis in Python', 'Fall', 2022, 3, 'BSMSBA01', 'F24657920'),
	('C042', 'BUDT758T', 'Data Mining and Predictive Analytics', 'Spring', 2023, 3, 'BSMSBA01', 'F24657921'),
	('C043', 'BUDT737', 'Big Data and Artificial Intelligence for Business', 'Spring', 2023, 3, 'BSMSBA01', 'F24657928'),
	('C044', 'BUDT758D', 'Data Visualization & Web Analytics', 'Spring', 2023, 3, 'BSMSBA01', 'F24657922'),
	('C045', 'BUDT758V', 'Operations Analytics', 'Spring', 2023, 2, 'BSMSBA01', 'F24657923'),
	('C046', 'BUDT758Z', 'Computer Simulation for Business Applications', 'Spring', 2023, 2, 'BSMSBA01', 'F24657925'),
	('C047', 'BUDT758L', 'Price Optimization and Revenue Management', 'Fall', 2023, 3, 'BSMSBA01', 'F24657924'),
	('C048', 'BUDT758W', 'Capstone Project', 'Fall', 2023, 3, 'BSMSBA01', 'F24657926'),
	('C049', 'BUDT700', 'Business Communication', 'Fall', 2023, 1, 'BSMSBA01', 'F24657927'),
	('C050', 'BUDT722', 'Managing Digital Business Markets', 'Fall', 2023, 2, 'BSMSIS02', 'F24657932'),
	('C051', 'BUDT731', 'Data, Models and Decisions Using R', 'Fall', 2023, 2, 'BSMSIS02', 'F24657919'),
	('C052', 'BUDT702', 'Database Management Systems', 'Fall', 2023, 2, 'BSMSIS02', 'F24657917'),
	('C053', 'BUDT724', 'Project Management in Dynamic Environments', 'Fall', 2023, 2, 'BSMSIS02', 'F24657935'),
	('C054', 'BUDT704', 'Data Processing and Analysis in Python', 'Fall', 2023, 3, 'BSMSIS02', 'F24657936'),
	('C055', 'BUDT721', 'Digital Transformation in Business', 'Fall', 2023, 2, 'BSMSIS02', 'F24657932'),
	('C056', 'BUDT738', 'Industry Seminar', 'Fall', 2023, 0, 'BSMSIS02', 'F24657932'),
	('C057', 'BUDT733', 'Data Mining & Predictive Analytics', 'Spring', 2024, 2, 'BSMSIS02', 'F24657937'),
	('C058', 'BUDT723', 'Business Process Analysis for Information Systems', 'Spring', 2024, 3, 'BSMSIS02', 'F24657935'),
	('C059', 'BUDT751', 'Harnessing AI for Business', 'Spring', 2024, 2, 'BSMSIS02', 'F24657932'),
	('C060', 'BUDT737', 'Big Data and Cloud Computing', 'Spring', 2024, 2, 'BSMSIS02', 'F24657928'),
	('C061', 'BUDT738', 'Industry Seminar', 'Spring', 2024, 0, 'BSMSIS02', 'F24657932'),
	('C062', 'BUDT753', 'Blockchain and Smart Contracts', 'Spring', 2024, 2, 'BSMSIS02', 'F24657932'),
	('C063', 'BUDT754', 'IoT Applications for Business', 'Spring', 2024, 2, 'BSMSIS02', 'F24658092'),
	('C064', 'BUDTDS01', 'Advanced Topics in Data Science - TBD - 2 credits', 'Fall', 2024, 2, 'BSMSIS02', NULL),
	('C065', 'BUDTTE01', 'Advanced Topics in Technology - TBD - 2 credits', 'Fall', 2024, 2, 'BSMSIS02', NULL),
	('C066', 'BUDT748', 'Industry Practicum', 'Fall', 2024, 3, 'BSMSIS02', NULL),
	('C067', 'BUDT722', 'Managing Digital Business Markets', 'Fall', 2022, 2, 'BSMSIS01', 'F24657931'),
	('C068', 'BUDT730', 'Data, Models, and Decisions', 'Fall', 2022, 3, 'BSMSIS01', 'F24657919'),
	('C069', 'BUDT703', 'Database Management Systems', 'Fall', 2022, 3, 'BSMSIS01', 'F24657917'),
	('C070', 'BUDT704', 'Data Processing and Analysis in Python', 'Fall', 2022, 3, 'BSMSIS01', 'F24657936'),
	('C071', 'BUDT721', 'Digital Transformation in Business', 'Fall', 2022, 2, 'BSMSIS01', 'F24657932'),
	('C072', 'BUDT724', 'Project Management in Dynamic Environments', 'Spring', 2023, 2, 'BSMSIS01', 'F24657935'),
	('C073', 'BUDT723', 'Business Process Analysis for Information Systems', 'Spring', 2023, 3, 'BSMSIS01', 'F24657935'),
	('C074', 'BUDT102E', 'Elective Course TBD', 'Spring', 2023, 3, 'BSMSIS01', NULL),
	('C075', 'BUDT758T', 'Data Mining and Predictive Analytics', 'Spring', 2023, 3, 'BSMSIS01', 'F24657921'),
	('C076', 'BUDT737', 'Big Data and Artificial Intelligence for Business', 'Fall', 2023, 3, 'BSMSIS01', 'F24657928'),
	('C077', 'BUDT101E', 'Elective Course TBD', 'Fall', 2023, 3, 'BSMSIS01', NULL),
	('C078', 'BUFN610', 'Financial Management', 'Fall', 2023, 2, 'BSMSQF02', 'F24657942'),
	('C079', 'BUFN640', 'Financial Data Analytics', 'Fall', 2023, 2, 'BSMSQF02', 'F24657943'),
	('C080', 'BUFN650', 'Machine Learning in Finance', 'Fall', 2023, 2, 'BSMSQF02', 'F24657943'),
	('C081', 'BUFN620', 'Capital Markets', 'Fall', 2023, 2, 'BSMSQF02', 'F24657944'),
	('C082', 'BUFN630', 'Valuation in Corporate Finance', 'Fall', 2023, 2, 'BSMSQF02', 'F24657945'),
	('C083', 'BUFN660', 'Derivative Securities', 'Fall', 2023, 2, 'BSMSQF02', 'F24657946'),
	('C084', 'BUFN102E', 'Elective courses for Spring', 'Spring', 2024, 10, 'BSMSQF02', NULL),
	('C085', 'BUFN101E', 'Elective courses for Fall', 'Fall', 2024, 8, 'BSMSQF02', NULL),
	('C086', 'BUFN610', 'Financial Management', 'Fall ', 2022, 2, 'BSMSQF01', 'F24657942'),
	('C087', 'BUFN640', 'Financial Data Analytics', 'Fall ', 2022, 2, 'BSMSQF01', 'F24657943'),
	('C088', 'BUFN620', 'Capital Markets', 'Fall ', 2022, 2, 'BSMSQF01', 'F24657944'),
	('C089', 'BUFN650', 'Machine Learning in Finance', 'Fall ', 2022, 2, 'BSMSQF01', 'F24657943'),
	('C090', 'BUFN660', 'Derivative Securities', 'Fall ', 2022, 2, 'BSMSQF01', 'F24657946'),
	('C091', 'BUFN630', 'Valuation in Corporate Finance', 'Fall', 2022, 2, 'BSMSQF01', 'F24657945'),
	('C092', 'BUFN710', 'Financial Strategy For Corporations', NULL, NULL, 2, 'BSMSQF01', 'F24657947'),
	('C093', 'BUFN712', 'Financial Restructuring', NULL, NULL, 2, 'BSMSQF01', 'F24657948'),
	('C094', 'BUFN716', 'Financial Restructuring and Strategy', NULL, NULL, 3, 'BSMSQF01', NULL),
	('C095', 'BUFN721', 'International Investment', NULL, NULL, 2, 'BSMSQF01', 'F24657949'),
	('C096', 'BUFN723', 'International Corporate and Project Finance', NULL, NULL, 2, 'BSMSQF01', NULL),
	('C097', 'BUFN724', 'Bank Management', NULL, NULL, 2, 'BSMSQF01', NULL),
	('C098', 'BUFN726', 'Institutional Asset Management', NULL, NULL, 2, 'BSMSQF01', 'F24657950'),
	('C099', 'BUFN730', 'Applied Equity Analysis', NULL, NULL, 2, 'BSMSQF01', 'F24657944'),
	('C100', 'BUFN732', 'Fixed Income Analysis', NULL, NULL, 2, 'BSMSQF01', 'F24657951'),
	('C101', 'BUFN734', 'Portfolio Management', NULL, NULL, 2, 'BSMSQF01', 'F24657952'),
	('C102', 'BUFN736', 'Quantitative Investment Strategy', NULL, NULL, 2, 'BSMSQF01', 'F24657953'),
	('C103', 'BUFN742', 'Financial Engineering', NULL, NULL, 2, 'BSMSQF01', 'F24657954'),
	('C104', 'BUFN744', 'Fixed Income Derivatives', NULL, NULL, 2, 'BSMSQF01', 'F24657951'),
	('C105', 'BUFN758D', 'Big Data in Finance', NULL, NULL, 2, 'BSMSQF01', 'F24657955'),
	('C106', 'BUFN758M', 'Hedge Fund Management', NULL, NULL, 2, 'BSMSQF01', NULL),
	('C107', 'BUFN758R', 'Financial Institute Risk Management', NULL, NULL, 2, 'BSMSQF01', NULL),
	('C108', 'BUFN758X', 'Market Microstructure', NULL, NULL, 2, 'BSMSQF01', 'F24657956'),
	('C109', 'BULM700', 'Business Fundamentals for Supply Chain Managers', 'Fall', 2023, 2, 'BSMSSC02', 'F24657961'),
	('C110', 'BULM710', 'Data Driven Decision Making I', 'Fall', 2023, 2, 'BSMSSC02', 'F24657962'),
	('C111', 'BULM721', 'Global Supply Chain Management', 'Fall', 2023, 2, 'BSMSSC02', 'F24657961'),
	('C112', 'BULM701', 'Business Fundamentals for Supply Chain Managers II', 'Fall', 2023, 2, 'BSMSSC02', 'F24657961'),
	('C113', 'BULM711', 'Data Driven Decision Making II', 'Fall', 2023, 2, 'BSMSSC02', 'F24657963'),
	('C114', 'BULM742', 'Global Supply Chain Resources Planning', 'Fall', 2023, 2, 'BSMSSC02', 'F24657964'),
	('C115', 'BULM731', 'Technology Applications in Supply Chain Management', 'Spring', 2024, 2, 'BSMSSC02', 'F24657965'),
	('C116', 'BULM754', 'Global Transportation Management', 'Spring', 2024, 2, 'BSMSSC02', 'F24657964'),
	('C117', 'BULM758N', 'Supply Chain Sustainability', 'Spring', 2024, 2, 'BSMSSC02', 'F24657966'),
	('C118', 'BULM735', 'Project Management', 'Spring', 2024, 2, 'BSMSSC02', 'F24657967'),
	('C119', 'BULM758D', 'Buyer-Supplier Relations', 'Spring', 2024, 2, 'BSMSSC02', 'F24657966'),
	('C120', 'BULM758C', 'Assessing & Managing Supply Chain Risks', 'Fall', 2024, 2, 'BSMSSC02', NULL),
	('C121', 'BULM750', 'Lean Sigma for the Supply Chain I', 'Fall', 2024, 2, 'BSMSSC02', 'F24657969'),
	('C122', 'BULM751', 'Lean Sigma for the Supply Chain II', 'Fall', 2024, 2, 'BSMSSC02', 'F24657969'),
	('C123', 'BULM756', 'Supply Chain Strategy', 'Fall', 2024, 2, 'BSMSSC02', 'F24657970'),
	('C124', 'BULM7X1', 'Sustainability Econ & Strategy', 'Fall', 2024, 2, 'BSMSSC02', NULL),
	('C125', 'BULM7X2', 'Policy and Legal Context for Sustainability', 'Fall', 2024, 2, 'BSMSSC02', NULL),
	('C126', 'BULM7X3', 'Regenerative Business Practices', 'Fall', 2024, 2, 'BSMSSC02', NULL),
	('C127', 'BULM700', 'Business Fundamentals for Supply Chain Managers', 'Fall', 2022, 2, 'BSMSSC01', 'F24657961'),
	('C128', 'BULM710', 'Data Driven Decision Making I', 'Fall', 2022, 2, 'BSMSSC01', 'F24657962'),
	('C129', 'BULM701', 'Business Fundamentals for Supply Chain Managers II', 'Fall', 2022, 2, 'BSMSSC01', 'F24657961'),
	('C130', 'BULM711', 'Data Driven Decision Making II', 'Fall', 2022, 2, 'BSMSSC01', 'F24657963'),
	('C131', 'BULM721', 'Global Supply Chain Management', 'Fall', 2022, 2, 'BSMSSC01', 'F24657961'),
	('C132', 'BULM742', 'Global Supply Chain Resources Planning', 'Fall', 2022, 2, 'BSMSSC01', 'F24657964'),
	('C133', 'BULM731', 'Technology Applications in Supply Chain Management', 'Spring', 2023, 2, 'BSMSSC01', 'F24657965'),
	('C134', 'BULM754', 'Global Transportation Management', 'Spring', 2023, 2, 'BSMSSC01', 'F24657964'),
	('C135', 'BULM735', 'Project Management', 'Spring', 2023, 2, 'BSMSSC01', 'F24657967'),
	('C136', 'BULM734', 'Assessing and Managing Supply Chain Risks', 'Spring', 2023, 2, 'BSMSSC01', NULL),
	('C137', 'BULM758D', 'Buyer-Supplier Relations', 'Spring', 2023, 2, 'BSMSSC01', 'F24657966'),
	('C138', 'BULM758N', 'Supply Chain Sustainability', 'Fall', 2023, 2, 'BSMSSC01', 'F24657966'),
	('C139', 'BULM750', 'Lean Sigma for the Supply Chain I', 'Fall', 2023, 2, 'BSMSSC01', 'F24657969'),
	('C140', 'BULM751', 'Lean Sigma for the Supply Chain II', 'Fall', 2023, 2, 'BSMSSC01', 'F24657969'),
	('C141', 'BULM756', 'Supply Chain Strategy', 'Fall', 2023, 2, 'BSMSSC01', 'F24657970'),
	('C142', 'BUAC712', 'Business Communications for Accountants and Auditors', 'Fall', 2023, 2, 'BSMSA001', 'F24657976'),
	('C143', 'BUAC740', 'Data Driven Decision Making', 'Fall', 2023, 2, 'BSMSA001', 'F24657977'),
	('C144', 'BUAC710', 'Advanced Managerial Accounting and Control Systems', 'Fall', 2023, 2, 'BSMSA001', 'F24657999'),
	('C145', 'BUAC758S', 'Systems for Data Analysis', 'Fall', 2023, 2, 'BSMSA001', 'F24657917'),
	('C146', 'BUAC742', 'Accounting Analytics', 'Spring', 2024, 2, 'BSMSA001', 'F24657980'),
	('C147', 'BUAC744', 'Valuation for Accounting', 'Spring', 2024, 2, 'BSMSA001', 'F24657981'),
	('C148', 'BUAC706', 'Business Ethics for Accountants and Auditors', 'Spring', 2024, 2, 'BSMSA001', 'F24657982'),
	('C149', 'BUAC714', 'Forensic Accounting/Auditing', 'Spring', 2024, 2, 'BSMSA001', 'F24658013'),
	('C150', 'BUAC752', 'Internal Auditing I: Conceptual and Institutional Framework', 'Spring', 2024, 2, 'BSMSA001', 'F24657984'),
	('C151', 'BUAC716', 'Financial Planning for Accountants and Auditors', 'Fall', 2024, 2, 'BSMSA001', 'F24658010'),
	('C152', 'BUAC707', 'Financial Statement Analysis for Accountants and Auditors', 'Fall', 2024, 2, 'BSMSA001', 'F24657998'),
	('C153', 'BUAC722', 'Applied Research for Accounting and Auditing', 'Fall', 2024, 2, 'BSMSA001', 'F24658010'),
	('C154', 'BUAC756', 'Information Security, Audit and Control', 'Fall', 2024, 2, 'BSMSA001', 'F24657985'),
	('C155', 'BUAC707', 'Financial Statement Analysis for Accountants and Auditors', 'Fall', 2022, 2, 'BSMSA004', 'F24657998'),
	('C156', 'BUAC740', 'Data Driven Decision Making', 'Fall', 2022, 2, 'BSMSA004', 'F24657977'),
	('C157', 'BUAC710', 'Advanced Accounting Theory', 'Fall', 2022, 3, 'BSMSA004', 'F24657999'),
	('C158', 'BUAC758S', 'Systems for Data Analysis', 'Fall', 2022, 2, 'BSMSA004', 'F24657917'),
	('C159', 'BUAC758G', 'Accounting Analytics', 'Spring', 2023, 2, 'BSMSA004', NULL),
	('C160', 'BUAC758B', 'Tax Considerations for Strategic Management Decisions', 'Spring', 2023, 2, 'BSMSA004', NULL),
	('C161', 'BUAC714', 'Forensic Accounting/Auditing', 'Spring', 2023, 2, 'BSMSA004', 'F24658013'),
	('C162', 'BUAC752', 'Internal Auditing I: Conceptual and Institutional Framework', 'Spring', 2023, 2, 'BSMSA004', 'F24657984'),
	('C163', 'BUAC706', 'Business Ethics for Accountants and Auditors', 'Spring', 2023, 2, 'BSMSA004', 'F24657982'),
	('C164', 'BUAC716', 'Financial Planning for Accountants and Auditors', 'Fall', 2023, 2, 'BSMSA004', 'F24658010'),
	('C165', 'BUAC712', 'Business Communications for Accountants and Auditors', 'Fall', 2023, 2, 'BSMSA004', 'F24657976'),
	('C166', 'BUAC722', 'Applied Research for Accounting and Auditing', 'Fall', 2023, 2, 'BSMSA004', 'F24658010'),
	('C167', 'BUAC756', 'Information Security, Audit and Control', 'Fall', 2023, 2, 'BSMSA004', 'F24657985'),
	('C168', 'BUAC712', 'Business Communications for Accountants and Auditors', 'Fall', 2023, 2, 'BSMSA002', 'F24657976'),
	('C169', 'BUAC740', 'Data Driven Decision Making', 'Fall', 2023, 2, 'BSMSA002', 'F24657977'),
	('C170', 'BUAC764', 'Taxation of Corporations & Other Entities', 'Fall', 2023, 2, 'BSMSA002', 'F24657990'),
	('C171', 'BUAC758S', 'Systems for Data Analysis', 'Fall', 2023, 2, 'BSMSA002', 'F24657917'),
	('C172', 'BUAC770', 'International Taxation', 'Fall', 2023, 2, 'BSMSA002', 'F24657976'),
	('C173', 'BUAC767', 'Real Estate Tax and Enterprise Resource Planning', 'Fall', 2023, 2, 'BSMSA002', 'F24657982'),
	('C174', 'BUAC706', 'Business Ethics for Accountants and Auditors', 'Fall', 2023, 2, 'BSMSA002', 'F24657982'),
	('C175', 'BUAC714', 'Forensic Accounting/Auditing', 'Fall', 2023, 2, 'BSMSA002', 'F24658013'),
	('C176', 'BUAC766', 'Taxation of Not-For-Profit Entities', 'Fall', 2023, 2, 'BSMSA002', 'F24657976'),
	('C177', 'BUAC758A', 'Governance and Accounting for Not-for-Profits and Socially Responsible Entities', 'Fall', 2023, 2, 'BSMSA002', 'F24657997'),
	('C178', 'BUAC707', 'Financial Statement Analysis for Accountants and Auditors', 'Fall', 2023, 2, 'BSMSA002', 'F24657998'),
	('C179', 'BUAC710', 'Advanced Managerial Accounting and Control Systems', 'Fall', 2023, 2, 'BSMSA002', 'F24657999'),
	('C180', 'BUAC722', 'Applied Research for Accounting and Auditing', 'Fall', 2023, 2, 'BSMSA002', 'F24658010'),
	('C181', 'BUAC707', 'Financial Statement Analysis for Accountants and Auditors', 'Fall', 2022, 2, 'BSMSA005', 'F24657998'),
	('C182', 'BUAC740', 'Data Driven Decision Making', 'Fall', 2022, 2, 'BSMSA005', 'F24657977'),
	('C183', 'BUAC758S', 'Systems for Data Analysis', 'Fall', 2022, 2, 'BSMSA005', 'F24657917'),
	('C184', 'BUAC764', 'Taxation of Corporations & Other Entities', 'Fall', 2022, 2, 'BSMSA005', 'F24657990'),
	('C185', 'BUAC758B', 'Tax Considerations for Strategic Management Decisions', 'Spring', 2023, 2, 'BSMSA005', NULL),
	('C186', 'BUAC770', 'International Taxation', 'Spring', 2023, 2, 'BSMSA005', 'F24657976'),
	('C187', 'BUAC767', 'Real Estate Tax and Enterprise Resource Planning', 'Spring', 2023, 2, 'BSMSA005', 'F24657982'),
	('C188', 'BUAC706', 'Business Ethics for Accountants and Auditors', 'Spring', 2023, 2, 'BSMSA005', 'F24657982'),
	('C189', 'BUAC714', 'Forensic Accounting/Auditing', 'Spring', 2023, 2, 'BSMSA005', 'F24658013'),
	('C190', 'BUAC766', 'Taxation of Not-For-Profit Entities', 'Spring', 2023, 2, 'BSMSA005', 'F24657976'),
	('C191', 'BUAC758A', 'Governance and Accounting for Not-for-Profits and Socially Responsible Entities', 'Fall', 2023, 2, 'BSMSA005', 'F24657997'),
	('C192', 'BUAC712', 'Business Communications for Accountants and Auditors', 'Fall', 2023, 2, 'BSMSA005', 'F24657976'),
	('C193', 'BUAC772', 'Database Management for State and Local Income Tax', 'Fall', 2023, 2, 'BSMSA005', 'F24657976'),
	('C194', 'BUAC710', 'Advanced Accounting Theory', 'Fall', 2023, 3, 'BSMSA005', 'F24657999'),
	('C195', 'BUAC712', 'Business Communications for Accountants and Auditors', 'Fall', 2023, 2, 'BSMSA003', 'F24657976'),
	('C196', 'BUAC740', 'Data Driven Decision Making', 'Fall', 2023, 2, 'BSMSA003', 'F24657977'),
	('C197', 'BUAC710', 'Advanced Accounting Theory', 'Fall', 2023, 3, 'BSMSA003', 'F24657999'),
	('C198', 'BUAC731', 'Intermediate Accounting I', 'Fall', 2023, 2, 'BSMSA003', 'F24658009'),
	('C199', 'BUAC735', 'External Auditing', 'Spring ', 2024, 3, 'BSMSA003', 'F24658010'),
	('C200', 'BUAC732', 'Intermediate Accounting II', 'Spring ', 2024, 2, 'BSMSA003', 'F24658011'),
	('C201', 'BUAC706', 'Business Ethics for Accountants and Auditors', 'Spring ', 2024, 2, 'BSMSA003', 'F24657982'),
	('C202', 'BUAC714', 'Forensic Accounting/Auditing', 'Spring ', 2024, 2, 'BSMSA003', 'F24658013'),
	('C203', 'BUAC758U', 'Advanced Accounting', 'Spring ', 2024, 3, 'BSMSA003', 'F24657976'),
	('C204', 'BUAC721', 'Business Law for Managers', 'Spring ', 2024, 2, 'BSMSA003', 'F24657966'),
	('C205', 'BUAC707', 'Financial Statement Analysis for Accountants and Auditors', 'Spring ', 2024, 2, 'BSMSA003', 'F24657998'),
	('C206', 'BUAC762', 'Taxation of Individuals', 'Spring ', 2024, 2, 'BSMSA003', 'F24657990'),
	('C207', 'BUAC758S', 'Systems for Data Analysis', 'Spring ', 2024, 2, 'BSMSA003', 'F24657917'),
	('C208', 'BUAC707', 'Financial Statement Analysis for Accountants and Auditors', 'Fall', 2022, 2, 'BSMSA006', 'F24657998'),
	('C209', 'BUAC740', 'Data Driven Decision Making', 'Fall', 2022, 2, 'BSMSA006', 'F24657977'),
	('C210', 'BUAC710', 'Advanced Managerial Accounting and Control Systems', 'Fall', 2022, 2, 'BSMSA006', 'F24657999'),
	('C211', 'BUAC732', 'Intermediate Accounting II', 'Fall', 2022, 2, 'BSMSA006', 'F24658011'),
	('C212', 'BUAC758F', 'Federal Income Tax of Individuals', 'Spring', 2023, 2, 'BSMSA006', NULL),
	('C213', 'BUAC735', 'External Auditing', 'Spring', 2023, 3, 'BSMSA006', 'F24658010'),
	('C214', 'BUAC714', 'Forensic Accounting/Auditing', 'Spring', 2023, 2, 'BSMSA006', 'F24658013'),
	('C215', 'BUAC758U', 'Advanced Accounting', 'Spring', 2023, 3, 'BSMSA006', 'F24657976'),
	('C216', 'BUAC706', 'Business Ethics for Accountants and Auditors', 'Spring', 2023, 2, 'BSMSA006', 'F24657982'),
	('C217', 'BUAC721', 'Business Law for Managers', 'Fall', 2023, 2, 'BSMSA006', 'F24657966'),
	('C218', 'BUAC712', 'Business Communications for Accountants and Auditors', 'Fall', 2023, 2, 'BSMSA006', 'F24657976'),
	('C219', 'BUAC758S', 'Systems for Data Analysis', 'Fall', 2023, 2, 'BSMSA006', 'F24657917'),
	('C220', 'BUAC762', 'Taxation of Individuals', 'Fall', 2023, 2, 'BSMSA006', 'F24657990'),
	('C221', 'BUSM600', 'Leadership and Teamwork', 'Fall', 2023, 2, 'BSMBA001', 'F24658022'),
	('C222', 'BUSM602', 'Introduction to Financial Accounting', 'Fall', 2023, 2, 'BSMBA001', 'F24657998'),
	('C223', 'BUSM604', 'Managerial Economics and Public Policy', 'Fall', 2023, 2, 'BSMBA001', 'F24658024'),
	('C224', 'BUSM606', 'Data Driven Decision Making', 'Fall', 2023, 2, 'BSMBA001', 'F24657977'),
	('C225', 'BUSM612', 'Marketing Management', 'Fall', 2023, 2, 'BSMBA001', 'F24657905'),
	('C226', 'BUSM758J', 'Financial Management I', 'Fall', 2023, 2, 'BSMBA001', 'F24657948'),
	('C227', 'BUSM758P', 'Financial Management II', 'Fall', 2023, 2, 'BSMBA001', 'F24657948'),
	('C228', 'BUSM614', 'Strategic Management ', 'Spring', 2024, 2, 'BSMBA001', 'F24658029'),
	('C229', 'BUSM624', 'Operations Management ', 'Spring', 2024, 2, 'BSMBA001', 'F24657923'),
	('C230', 'BUSM761', 'Data Mining and Predictive Analytics', 'Spring', 2024, 2, 'BSMBA001', 'F24658031'),
	('C231', 'BUSM106E', 'Electives', 'Spring', 2024, 6, 'BSMBA001', NULL),
	('C232', 'BUSM616', 'Managerial Accounting ', 'Fall ', 2024, 2, 'BSMBA001', 'F24657999'),
	('C233', 'BUSM621', 'Digital Transformation in Business', 'Fall ', 2024, 2, 'BSMBA001', 'F24658033'),
	('C234', 'BUSM105E', 'Electives', 'Fall ', 2024, 8, 'BSMBA001', NULL),
	('C235', 'BUSM626', 'The Global Economic Environment', 'Spring', 2025, 2, 'BSMBA001', 'F24658034'),
	('C236', 'BUSM758Z', 'Integrative Capstone', 'Spring', 2025, 2, 'BSMBA001', 'F24658022'),
	('C237', 'BUSM104E', 'Electives', 'Spring', 2025, 10, 'BSMBA001', NULL),
	('C238', 'BUSI600', 'Flex MBA Opening Residency/Fundamentals of Business', 'Fall', 2023, 2, 'BSMBA005', 'F24658037'),
	('C239', 'BUSI681', 'Managerial Economics & Public Policy', 'Fall', 2023, 2, 'BSMBA005', 'F24657966'),
	('C240', 'BUSI662', 'Leadership & Teamwork', 'Fall', 2023, 2, 'BSMBA005', 'F24658039'),
	('C241', 'BUSI718D', 'Data Driven Analytics', 'Fall', 2023, 2, 'BSMBA005', 'F24657962'),
	('C242', 'BUSI650', 'Marketing Management', 'Fall', 2023, 2, 'BSMBA005', 'F24657905'),
	('C243', 'BUSI110E', 'Elective', 'Winter', 2024, 2, 'BSMBA005', NULL),
	('C244', 'BUSI690', 'Strategic Management', 'Spring', 2024, 2, 'BSMBA005', 'F24658029'),
	('C245', 'BUSI610', 'Financial Accounting', 'Spring', 2024, 2, 'BSMBA005', 'F24658043'),
	('C246', 'BUSI640', 'Corporate Finance I', 'Spring', 2024, 2, 'BSMBA005', 'F24657942'),
	('C247', 'BUSI621', 'Digital Transformation in Business', 'Spring', 2024, 2, 'BSMBA005', 'F24658033'),
	('C248', 'BUSI641', 'Corporate Finance II', 'Summer', 2024, 2, 'BSMBA005', 'F24658046'),
	('C249', 'BUSI109E', 'Electives', 'Summer', 2024, 6, 'BSMBA005', NULL),
	('C250', 'BUSI611', 'Managerial Accounting', 'Fall', 2024, 2, 'BSMBA005', 'F24658047'),
	('C251', 'BUSI634', 'Operations Management', 'Fall', 2024, 2, 'BSMBA005', 'F24657923'),
	('C252', 'BUSI108E', 'Electives', 'Fall', 2024, 2, 'BSMBA005', NULL),
	('C253', 'BUSI788', 'Global Business Course Travel', 'Winter', 2025, 2, 'BSMBA005', 'F24658029'),
	('C254', 'BUSI683', 'The Global Economic Environment', 'Spring', 2025, 2, 'BSMBA005', 'F24658050'),
	('C255', 'BUSI107E', 'Electives', 'Spring', 2025, 6, 'BSMBA005', NULL),
	('C256', 'BUSI787', 'Integrative Capstone', 'Summer', 2025, 2, 'BSMBA005', 'F24657905'),
	('C257', 'BUSI758Q', 'MBA Consulting Practicum', 'Summer', 2025, 4, 'BSMBA005', 'F24658022'),
	('C258', 'BUSI106E', 'Elective', 'Summer', 2025, 2, 'BSMBA005', NULL),
	('C259', 'BUSM600', 'Leadership and Teamwork', 'Fall', 2022, 2, 'BSMBA001', 'F24658022'),
	('C260', 'BUSM602', 'Introduction to Financial Accounting', 'Fall', 2022, 2, 'BSMBA001', 'F24657998'),
	('C261', 'BUSM604', 'Managerial Economics and Public Policy', 'Fall', 2022, 2, 'BSMBA001', 'F24658024'),
	('C262', 'BUSM606', 'Data Driven Decision Making', 'Fall', 2022, 2, 'BSMBA001', 'F24657977'),
	('C263', 'BUSM612', 'Marketing Management', 'Fall', 2022, 2, 'BSMBA001', 'F24657905'),
	('C264', 'BUSM758J', 'Financial Management I', 'Fall', 2022, 2, 'BSMBA001', 'F24657948'),
	('C265', 'BUSM758P', 'Financial Management II', 'Fall', 2022, 2, 'BSMBA001', 'F24657948'),
	('C266', 'BUSM614', 'Strategic Management ', 'Spring', 2023, 2, 'BSMBA001', 'F24658029'),
	('C267', 'BUSM624', 'Operations Management ', 'Spring', 2023, 2, 'BSMBA001', 'F24657923'),
	('C268', 'BUSM761', 'Data Mining and Predictive Analytics', 'Spring', 2023, 2, 'BSMBA001', 'F24658031'),
	('C269', 'BUSM103E', 'Electives', 'Spring', 2023, 6, 'BSMBA001', NULL),
	('C270', 'BUSM616', 'Managerial Accounting ', 'Fall ', 2023, 2, 'BSMBA001', 'F24657999'),
	('C271', 'BUSM621', 'Digital Transformation in Business', 'Fall ', 2023, 2, 'BSMBA001', 'F24658033'),
	('C272', 'BUSM102E', 'Electives', 'Fall ', 2023, 8, 'BSMBA001', NULL),
	('C273', 'BUSM626', 'The Global Economic Environment', 'Spring', 2024, 2, 'BSMBA001', 'F24658034'),
	('C274', 'BUSM758Z', 'Integrative Capstone', 'Spring', 2024, 2, 'BSMBA001', 'F24658022'),
	('C275', 'BUSM101E', 'Electives', 'Spring', 2024, 10, 'BSMBA001', NULL),
	('C276', 'BUSI600', 'Flex MBA Opening Residency/Fundamentals of Business', 'Fall', 2022, 2, 'BSMBA005', 'F24658037'),
	('C277', 'BUSI681', 'Managerial Economics & Public Policy', 'Fall', 2022, 2, 'BSMBA005', 'F24657966'),
	('C278', 'BUSI662', 'Leadership & Teamwork', 'Fall', 2022, 2, 'BSMBA005', 'F24658039'),
	('C279', 'BUSI718D', 'Data Driven Analytics', 'Fall', 2022, 2, 'BSMBA005', 'F24657962'),
	('C280', 'BUSI650', 'Marketing Management', 'Fall', 2022, 2, 'BSMBA005', 'F24657905'),
	('C281', 'BUSI105E', 'Elective', 'Winter', 2023, 2, 'BSMBA005', NULL),
	('C282', 'BUSI690', 'Strategic Management', 'Spring', 2023, 2, 'BSMBA005', 'F24658029'),
	('C283', 'BUSI610', 'Financial Accounting', 'Spring', 2023, 2, 'BSMBA005', 'F24658043'),
	('C284', 'BUSI640', 'Corporate Finance I', 'Spring', 2023, 2, 'BSMBA005', 'F24657942'),
	('C285', 'BUSI621', 'Digital Transformation in Business', 'Spring', 2023, 2, 'BSMBA005', 'F24658033'),
	('C286', 'BUSI641', 'Corporate Finance II', 'Summer', 2023, 2, 'BSMBA005', 'F24658046'),
	('C287', 'BUSI104E', 'Electives', 'Summer', 2023, 6, 'BSMBA005', NULL),
	('C288', 'BUSI611', 'Managerial Accounting', 'Fall', 2023, 2, 'BSMBA005', 'F24658047'),
	('C289', 'BUSI634', 'Operations Management', 'Fall', 2023, 2, 'BSMBA005', 'F24657923'),
	('C290', 'BUSI103E', 'Electives', 'Fall', 2023, 2, 'BSMBA005', NULL),
	('C291', 'BUSI788', 'Global Business Course Travel', 'Winter', 2024, 2, 'BSMBA005', 'F24658029'),
	('C292', 'BUSI683', 'The Global Economic Environment', 'Spring', 2024, 2, 'BSMBA005', 'F24658050'),
	('C293', 'BUSI102E', 'Electives', 'Spring', 2024, 6, 'BSMBA005', NULL),
	('C294', 'BUSI787', 'Integrative Capstone', 'Summer', 2024, 2, 'BSMBA005', 'F24657905'),
	('C295', 'BUSI758Q', 'MBA Consulting Practicum', 'Summer', 2024, 4, 'BSMBA005', 'F24658022'),
	('C296', 'BUSI101E', 'Elective', 'Summer', 2024, 2, 'BSMBA005', NULL);



-- Rank Source table
INSERT INTO [InsightHarbor.RankSource] VALUES 
	('S01', 'U.S. News'),
    ('S02', 'Q.S. World University Rankings'),
    ('S03', 'Financial Times'),
    ('S04', 'Eduniversal Ranking'),
    ('S05', 'Bloomberg'),
    ('S06', 'Fortune');

-- Rank Table
INSERT INTO [InsightHarbor.Rank] VALUES
	('S01', 'BSMSIS02', 11),
	('S02', 'BSMSSC02', 28),
	('S02', 'BSMSSC03', 24),
	('S02', 'BSMSSC01', 26),
	('S02', 'BSMSBA02', 38),
	('S02', 'BSMSBA01', 31),
	('S02', 'BSMSBA03', 25),
	('S02', 'BSMSQF02', 45),
	('S02', 'BSMSQF01', 44),
	('S02', 'BSMSQF03', 41),
	('S02', 'BSMSMA02', 43),
	('S02', 'BSMSMA01', 37),
	('S02', 'BSMSMA03', 34),
	('S01', 'BSMBA002', 21),
	('S03', 'BSMBA005', 16),
	('S03', 'BSMBA008', 85),
	('S03', 'BSMSMA04', 38),
	('S03', 'BSMBA007', 9),
	('S03', 'BSMBA009', 85),
	('S04', 'BSMSQF01', 34),
	('S04', 'BSMSQF02', 34),
	('S04', 'BSMSQF03', 34),
	('S05', 'BSMBA001', 33),
	('S05', 'BSMBA003', 36),
	('S05', 'BSMBA004', 28),
	('S06', 'BSMSBA04', 4),
	('S01', 'BSMSMA04', 6),
	('S01', 'BSMBA006', 12),
	('S01', 'BSMBA010', 8),
	('S01', 'BSMBA011', 11),
	('S01', 'BSMBA005', 25),
	('S01', 'BSMSSC01', 22),
	('S01', 'BSMSIS01', 8),
	('S01', 'BSMSQF05', 4),
	('S01', 'BSMSMA05', 1);

